{"cameraMode":{"drawMode":0,"name":"Shaded","section":"Shading Mode"},"sceneLighting":true,"audioPlay":false,"sceneViewState":{"m_AlwaysRefresh":false,"showFog":true,"showSkybox":true,"showFlares":true,"showImageEffects":true,"showParticleSystems":true,"showVisualEffectGraphs":true,"m_FxEnabled":true},"in2DMode":false,"pivot":{"x":5.154491424560547,"y":3.7787764072418215,"z":-3.7629592418670656},"rotation":{"x":0.30780157446861269,"y":0.3497921824455261,"z":-0.12287430465221405,"w":0.8762493133544922},"size":1.8809030055999756,"orthographic":false}