{"cameraMode":{"drawMode":0,"name":"Shaded","section":"Shading Mode"},"sceneLighting":true,"audioPlay":false,"sceneViewState":{"m_AlwaysRefresh":false,"showFog":true,"showSkybox":true,"showFlares":true,"showImageEffects":true,"showParticleSystems":true,"showVisualEffectGraphs":true,"m_FxEnabled":true},"in2DMode":false,"pivot":{"x":15.347249984741211,"y":-37.372947692871097,"z":7.983721733093262},"rotation":{"x":0.5786215662956238,"y":0.29660075902938845,"z":-0.23784737288951875,"w":0.7215646505355835},"size":21.838348388671876,"orthographic":true}