{"cameraMode":{"drawMode":0,"name":"Shaded","section":"Shading Mode"},"sceneLighting":true,"audioPlay":false,"sceneViewState":{"m_AlwaysRefresh":false,"showFog":true,"showSkybox":true,"showFlares":true,"showImageEffects":true,"showParticleSystems":true,"showVisualEffectGraphs":true,"m_FxEnabled":true},"in2DMode":false,"pivot":{"x":-3.3524045944213869,"y":-3.1240930557250978,"z":13.151927947998047},"rotation":{"x":-0.2835898995399475,"y":0.053753092885017398,"z":-0.015924766659736635,"w":-0.9573113918304443},"size":7.733946800231934,"orthographic":false}